<?xml version="1.0" encoding="UTF-8"?>
<configuration>

    <property name="HOME_LOG" value="logs/batch.log"/>
	
	
    <appender name="STDOUT" class="ch.qos.logback.core.ConsoleAppender">
            <encoder>
                <pattern>%-5relative %-5level %logger{35} - %msg%n</pattern>
            </encoder>
    </appender>

    <appender name="FILE-ROLLING" class="ch.qos.logback.core.rolling.RollingFileAppender">
        <file>${HOME_LOG}</file>

        <rollingPolicy class="ch.qos.logback.core.rolling.SizeAndTimeBasedRollingPolicy">
            <fileNamePattern>logs/archived/batch.%d{yyyy-MM-dd}.%i.log</fileNamePattern>
            <!-- each archived file, size max 10MB -->
            <maxFileSize>10MB</maxFileSize>
            <!-- total size of all archive files, if total size > 20GB, 
				it will delete old archived file -->
            <totalSizeCap>20GB</totalSizeCap>
            <!-- 60 days to keep -->
            <maxHistory>60</maxHistory>
        </rollingPolicy>

        <encoder>
            <pattern>%d %p %c{1.} [%t] %m%n</pattern>
        </encoder>
    </appender>

	
	<!-- <logger name="org.springframework" level="ERROR"/> -->
	<!-- <logger name="org.hibernate.stat" level="DEBUG"/> -->
	
	
    <logger name="com.fabienit" level="debug" additivity="false">
        <appender-ref ref="FILE-ROLLING"/>
		<appender-ref ref="STDOUT" />
    </logger>

    <root level="error">
        <appender-ref ref="FILE-ROLLING"/>
		<appender-ref ref="STDOUT" />
    </root>

</configuration>